Track Name,Artist,Album,Release Date,Spotify Duration (ms),Spotify Track URL,YouTube Original Video URL,Original Duration,YouTube Piano Solo Video URL,Piano Solo Duration
Velha Infância - 2004 Digital Remaster,Tribalistas,Tribalistas,2002-01-01,250440,https://open.spotify.com/track/1mSxbLW7fKABfeY4lGpg0E,https://www.youtube.com/watch?v=iyJDuJggiEM,251000,https://www.youtube.com/watch?v=YcOyefoJec0,146000.0
Trem-Bala,Ana Vilela,Trem-Bala,2017-05-12,180319,https://open.spotify.com/track/05QeyKGAn4TZrv41tMiD1A,https://www.youtube.com/watch?v=sWhy1VcvvgY,181000,https://www.youtube.com/watch?v=7aJF1ed1TpU,179000.0
Aliança,Tribalistas,Tribalistas,2017,237421,https://open.spotify.com/track/1DLKuppSYytOuxhtI6KBGu,https://www.youtube.com/watch?v=3JiMr-HgHJ8,251000,https://www.youtube.com/watch?v=I1kwd-UDuec,227000.0
O Que É O Que É?,Gonzaguinha,Caminhos Do Coração,1982-08-13,258986,https://open.spotify.com/track/2CoKGyZavJWTFUPyvWoj0b,https://www.youtube.com/watch?v=IYZcsb706q8,261000,https://www.youtube.com/watch?v=CruT6LdL-Uc,219000.0
A Banda,Chico Buarque,Chico Buarque de Hollanda,1966-01-01,131000,https://open.spotify.com/track/6wUp7y502iyWLuLuurlOyw,https://www.youtube.com/watch?v=SSmz9xg4Ks0,131000,https://www.youtube.com/watch?v=8Ba1_LfcFR0,61000.0
"É Preciso Dar Um Jeito, Meu Amigo",Erasmo Carlos,"Carlos, Erasmo [Versão Com Bônus (1971)]",1971-01-01,227040,https://open.spotify.com/track/1V1taPaEp2dntrUKCAnnw5,https://www.youtube.com/watch?v=FuZ0OdtK3P8,228000,,
Mina do Condomínio,Seu Jorge,America Brasil,2007-01-01,400626,https://open.spotify.com/track/6Vfcu5p7cPcoVImKJ4gBhI,https://www.youtube.com/watch?v=AwA-rWdPi-g,401000,,
Construção,Chico Buarque,Construção,1971-01-01,383626,https://open.spotify.com/track/3FIuBxOxuQ6kYy8JO0gq2a,https://www.youtube.com/watch?v=cMwmBfEtiq0,385000,https://www.youtube.com/watch?v=dDKjYB4GPUs,164000.0
Chão de Giz,Zé Ramalho,Antologia Acústica,1997-03-04,271226,https://open.spotify.com/track/4XYdH6H7haUCeEm9YezQ9K,https://www.youtube.com/watch?v=nL_QNpNOssI,287000,https://www.youtube.com/watch?v=CyIV9tBDQKk,282000.0
Salmos 91,João Luiz,Salmos 91,2024-02-09,150126,https://open.spotify.com/track/1maEyjwI9FQwcGgywLSt48,https://www.youtube.com/watch?v=jZG0wi5LSB8,151000,,
Você Não Me Ensinou a Te Esquecer,Caetano Veloso,Lisbela e o Prisioneiro (Trilha Sonora),2003-07-01,273293,https://open.spotify.com/track/3ab7KnHf7J35kq9cuunBqO,https://www.youtube.com/watch?v=douUUoXIdBc,272000,https://www.youtube.com/watch?v=Sz8pO7IEoTI,219000.0
Burguesinha,Seu Jorge,America Brasil,2007-01-01,258186,https://open.spotify.com/track/5iEEpVPlnH41wyAsYcON7w,https://www.youtube.com/watch?v=PJkQtr5TRaA,259000,,
Aquarela,Toquinho,Aquarela,1983-01-01,258506,https://open.spotify.com/track/4LhxdvP3lfgH3ciOyO1BX1,https://www.youtube.com/watch?v=PT3azbKHJZU,252000,https://www.youtube.com/watch?v=4udHwF4oc5I,214000.0
Oração de São Francisco de Assis,Fagner,O Quinze (Versão com faixas bônus),1989,184440,https://open.spotify.com/track/5hJjJBBWCy5TquAMoZjGVi,https://www.youtube.com/watch?v=99_GuzIkiUM,196000,https://www.youtube.com/watch?v=89l2sgrdyWk,205000.0
Deus Me Proteja,Chico César,francisco forró y frevo,2008-01-01,293509,https://open.spotify.com/track/4Ijct6HkKsC9HQVgcnMe7C,https://www.youtube.com/watch?v=E79ZV7rLeeA,295000,https://www.youtube.com/watch?v=d4ZkG8Hf2g0,289000.0
Oceano,Djavan,Djavan,1989-03-25,296106,https://open.spotify.com/track/3iof6EclqePezHDibBiykI,https://www.youtube.com/watch?v=MWh78SM5G7k,283000,https://www.youtube.com/watch?v=bfP_7m425DE,306000.0
Água-viva,ANAVITÓRIA,Esquinas,2024-12-12,168644,https://open.spotify.com/track/48MtQ4Ys6eqpsw0I5cyXNt,https://www.youtube.com/watch?v=dXcxDI95hM4,169000,https://www.youtube.com/watch?v=4W5TKWVDwEc,160000.0
Sina,Djavan,Luz,1982-03-25,332133,https://open.spotify.com/track/2kgT6sMwXd3mdeXhBbLMQe,https://www.youtube.com/watch?v=5siQ-ml5lqY,334000,https://www.youtube.com/watch?v=kJOiYGmYYlE,121000.0
All Star - Ao Vivo,Nando Reis,"Nando Reis - Voz e Violão - No Recreio, Vol. 1 (Ao Vivo)",2015-11-27,233613,https://open.spotify.com/track/3g5FrnRdbmDQyWNiDIprts,https://www.youtube.com/watch?v=C4HeeSug3J8,234000,,
Ter o coração no chão,ANAVITÓRIA,Esquinas,2024-12-12,194750,https://open.spotify.com/track/5FbcIkgUDNt6mZdDVFwVyE,https://www.youtube.com/watch?v=ss6hT1f16e4,190000,https://www.youtube.com/watch?v=gKEuoh9JmXw,119000.0
Admirável Gado Novo,Zé Ramalho,A Peleja do Diabo com o Dono do Céu (Versão com Faixas Bônus),1979,294026,https://open.spotify.com/track/1J3iJ1s3p7MRx9VJ9OMn4D,https://www.youtube.com/watch?v=t_sUkOXO4zU,296000,https://www.youtube.com/watch?v=p5CCpTdMPpQ,178000.0
Canção Da América,Milton Nascimento,Sentinela,1980-01-07,231866,https://open.spotify.com/track/78r0cM1PsPNRYGPdfCngqB,https://www.youtube.com/watch?v=75kf9y_fukM,232000,https://www.youtube.com/watch?v=vICn4lEhJFM,293000.0
Sá Marina,Wilson Simonal,Alegria! Alegria! Vol.2,1968-09-16,199453,https://open.spotify.com/track/7fbh9Pbddok1b5cMY1FC8a,https://www.youtube.com/watch?v=CnQhNvnI15c,201000,https://www.youtube.com/watch?v=2vxNJH7gpIU,94000.0
Sinônimos,Chitãozinho & Xororó,Aqui O Sistema É Bruto,2004-01-01,283706,https://open.spotify.com/track/5wn7dRsPFOd236GySyJqLx,https://www.youtube.com/watch?v=wdbrRRy99Eg,338000,https://www.youtube.com/watch?v=w2-yn483fyU,266000.0
A noite,Tiê,Esmeraldas (Álbum Comentado),2014-09-23,218040,https://open.spotify.com/track/06XSmh92M0FIYNGC4Ss0CX,https://www.youtube.com/watch?v=1Ngn3fZIK2E,221000,https://www.youtube.com/watch?v=MmmlS-x0a1o,234000.0
Naquela Mesa,Nelson Gonçalves,Passado E Presente,1974-03-30,182293,https://open.spotify.com/track/4dkFG1pSn2czTCkLncpnep,https://www.youtube.com/watch?v=ePW8z08IfdQ,183000,,
Um Amor Puro,Djavan,"Djavan ""Ao Vivo""",1999-03-25,327000,https://open.spotify.com/track/3PlKQNlbL4767rND3HnqSI,https://www.youtube.com/watch?v=Af7ieNv0wXY,329000,https://www.youtube.com/watch?v=O-tiB02AIyw,540000.0
Felicidade,Marcelo Jeneci,Feito Pra Acabar,2010-11-30,252600,https://open.spotify.com/track/7wqojWtf69NNjw3P5wMst6,https://www.youtube.com/watch?v=s2IAZHAsoLI,264000,https://www.youtube.com/watch?v=ODmQzi-ihL4,285000.0
Sozinho - Ao Vivo,Caetano Veloso,Prenda Minha,1998-01-01,190533,https://open.spotify.com/track/02a8cGumnKuEPgoCzmalJp,https://www.youtube.com/watch?v=j9UbE1slI-Q,164000,https://www.youtube.com/watch?v=4byl7DM1TcM,243000.0
Ainda Bem,Marisa Monte,O Que Você Quer Saber de Verdade,2011-01-01,215520,https://open.spotify.com/track/43BCxznTSBLcXzu4lJ8KW5,https://www.youtube.com/watch?v=Pmt01TGsGGA,247000,https://www.youtube.com/watch?v=pcEI9h0Fv4Y,206000.0
Poema,Ney Matogrosso,Olhos De Farol,1999,262533,https://open.spotify.com/track/7qvL8BbYdxvhOinapMiEeF,https://www.youtube.com/watch?v=QlGvc_p8j6I,261000,https://www.youtube.com/watch?v=RPmMlB_X_wo,235000.0
Rio 40 Graus (feat. Fausto Fawcett) - Medley,Fernanda Abreu,SLA² ~ Be Sample,1992-07-05,309033,https://open.spotify.com/track/0gDi3bgUagARXB0xMj1wXs,https://www.youtube.com/watch?v=biuPpwwKzVU,302000,,
Oração Ao Tempo - Remixed Original Album,Caetano Veloso,Cinema Transcendental,1979-01-01,206906,https://open.spotify.com/track/7oz1o6N5NDdTXQCZSfB3SO,https://www.youtube.com/watch?v=qNlPLFsBNbc,207000,https://www.youtube.com/watch?v=wFZx3Fz2NHM,23000.0
O bêbado e a equilibrista,Elis Regina,Essa Mulher,1979-05-17,231358,https://open.spotify.com/track/3eVyDZXJPJzUKkyWP6eLyc,https://www.youtube.com/watch?v=oCcREJdgRXM,229000,https://www.youtube.com/watch?v=0dK_iLx2FQc,101000.0
Como Nossos Pais,Elis Regina,Falso Brilhante,1976-01-05,261600,https://open.spotify.com/track/2ZC8sdv4Kvuql7Q9T8Agzv,https://www.youtube.com/watch?v=pmY-TIOjQJ4,263000,https://www.youtube.com/watch?v=aH9wagWQZgU,186000.0
Maria Maria,Milton Nascimento,Clube Da Esquina 2,1978-01-02,184466,https://open.spotify.com/track/1nl13AcSpiCKdbkhtvJoo7,https://www.youtube.com/watch?v=IElS9cxpImA,359000,https://www.youtube.com/watch?v=LTJKWdxbtaI,161000.0
Encontros E Despedidas,Milton Nascimento,Encontros E Despedidas,1985-01-08,214080,https://open.spotify.com/track/4RfH0fVOtKKsEFINARThZ2,https://www.youtube.com/watch?v=zhgOxxiiBbI,215000,https://www.youtube.com/watch?v=vfkgEB1utAM,242000.0
Apesar De Você,Chico Buarque,Chico Buarque,1978-01-01,235546,https://open.spotify.com/track/2GAFZG9Z7UGS1iMm4Idrnr,https://www.youtube.com/watch?v=bGAJlOwUgHY,239000,https://www.youtube.com/watch?v=YZTK4mCfbb0,260000.0
Amado,Vanessa Da Mata,Sim,2007,249973,https://open.spotify.com/track/1h0f2T0DT3EVYnURyV8Rtu,https://www.youtube.com/watch?v=_CK4O1_Bvxg,241000,https://www.youtube.com/watch?v=cF7smZQ5KWU,268000.0
Se...,Djavan,Coisa de Acender,1992-03-25,291533,https://open.spotify.com/track/0PgsB53yhlKs8D19LgYU4i,https://www.youtube.com/watch?v=ZSZyth38-zk,294000,https://www.youtube.com/watch?v=s6iDF6mRcxw,233000.0
Depois,Marisa Monte,O Que Você Quer Saber de Verdade,2011-01-01,173586,https://open.spotify.com/track/2yeI0FRWd1sqGpHEUc5DFm,https://www.youtube.com/watch?v=BM-mnklMWCQ,179000,https://www.youtube.com/watch?v=Q4HNtmbUyXk,125000.0
Boa Sorte / Good Luck (feat. Ben Harper),Vanessa Da Mata,Sim,2007,235600,https://open.spotify.com/track/6A3Q8BVAAI2PW1s6MX4ZGF,https://www.youtube.com/watch?v=ESW3odDjSxo,237000,https://www.youtube.com/watch?v=HslJFxYwIWE,26000.0
Eu Te Devoro - Ao Vivo,Djavan,Ária (Ao Vivo),2011-07-18,308413,https://open.spotify.com/track/2Px3PZ2qq2uFpRBpfVx8A5,https://www.youtube.com/watch?v=nQ6UwRCFCfc,291000,https://www.youtube.com/watch?v=7h_1cKuXBL4,255000.0
Não Vá Embora - 2004 Digital Remaster,Marisa Monte,"Memórias, Crônicas e Declarações de Amor",2000-01-01,216613,https://open.spotify.com/track/7o5VPajBu55TxEjCQs05uw,https://www.youtube.com/watch?v=Djgj-aFRpZE,217000,,
Borbulhas de Amor (Tenho um Coração) [Borbujas de Amor],Fagner,Pedras Que Cantam,1991-03-04,249280,https://open.spotify.com/track/3pUQEJXwmnooceL5DqluNA,https://www.youtube.com/watch?v=6h4BuzcCDfI,251000,,
O Caderno,Toquinho,Seu Violão e Suas Canções Vol. 1,2010-07-24,135133,https://open.spotify.com/track/1yctSMp7P3SkSCHsnkUI7b,https://www.youtube.com/watch?v=-Gsu751X6ag,131000,https://www.youtube.com/watch?v=p5B_oanS0sY,151000.0
Se Ainda Existe Amor,Balthazar,Cartas De Amor,2022-02-25,184499,https://open.spotify.com/track/3a9KbYhWqorkZPF0pFFPhE,https://www.youtube.com/watch?v=crUQamOzv0k,185000,,
Gente Tem Sobrenome,"Toquinho E Banda, Orquestra E Coro Do Projeto Guri",Herdeiros Do Futuro,2007-09-01,166813,https://open.spotify.com/track/4Gndr22JnGpVnaLX1J5S52,https://www.youtube.com/watch?v=_26KL_ESpds,167000,https://www.youtube.com/watch?v=n9aTyCcwYG8,140000.0
Vilarejo,Marisa Monte,Infinito Particular,2006-01-01,209546,https://open.spotify.com/track/4qvUtYRNwmFzfJ2loWkQCH,https://www.youtube.com/watch?v=fWIhhlVhODo,279000,https://www.youtube.com/watch?v=PooBD1HNv4U,195000.0
Espetáculo estranho,ANAVITÓRIA,Esquinas,2024-12-12,212699,https://open.spotify.com/track/7325x5azZOlWkYL9EpnqW5,https://www.youtube.com/watch?v=_7tLwQFNQKU,211000,,
Aquele Abraço,Gilberto Gil,Gilberto Gil (1969),1969-01-01,323773,https://open.spotify.com/track/7CjSjWTdVPD0ov82Qz55Xb,https://www.youtube.com/watch?v=HB8vbB5ILUU,325000,,
Não Sei Dançar,Marina Lima,Marina Lima,1991-01-01,305373,https://open.spotify.com/track/68WXIG8PyHuArBOOhSp6Wt,https://www.youtube.com/watch?v=Jjq0RWa_sXo,306000,,
País Tropical,Jorge Ben Jor,Jorge Ben,1969-01-20,250666,https://open.spotify.com/track/4877bJ149OUJZHTiU5Jg8P,https://www.youtube.com/watch?v=7TnMwVyQATY,200000,https://www.youtube.com/watch?v=IP1mHFgtu-g,215000.0
Pra não dizer que não falei das flores,Geraldo Vandre,Enciclopédia Musical Brasileira,2001-01-01,361360,https://open.spotify.com/track/78lTDfRCqtxSvByIRMiXF2,https://www.youtube.com/watch?v=KdvsXn8oVPY,362000,https://www.youtube.com/watch?v=6NvQYLsW5-A,166000.0
Cor De Marte,ANAVITÓRIA,ANAVITÓRIA,2016-08-19,191289,https://open.spotify.com/track/3kNT9msV6JCFz6NnmDcyp2,https://www.youtube.com/watch?v=myrwQ-_wLcs,185000,,
Quem de nós Dois (La Mia Storia Tra Le Dita),Ana Carolina,Ana Rita Joana Iracema Carolina,2001-04-23,305666,https://open.spotify.com/track/2yQMmtem48vOjB1OXAvbKD,https://www.youtube.com/watch?v=imSzf4WuiRg,306000,https://www.youtube.com/watch?v=LWy1W1-NbGg,317000.0
"Não chores mais [No Woman, No Cry] (feat. Os Paralamas do Sucesso)",Gilberto Gil,Kaya N'Gan Daya,2002-11-30,276200,https://open.spotify.com/track/03VJWrI1A8RnGA1VHi56h8,https://www.youtube.com/watch?v=9DMpSplulGA,277000,,
Fullgás,Marina Lima,Fullgás,1984-01-03,247533,https://open.spotify.com/track/2qcfKvkTopzpSOeLW9AvyM,https://www.youtube.com/watch?v=ukJXPUODzcM,248000,,
Mais Ninguém,Banda do Mar,Banda do Mar,2014-09-02,168640,https://open.spotify.com/track/6uFwhB7gVs7ExCAfJD5BWg,https://www.youtube.com/watch?v=61jSSF3Vu54,168000,https://www.youtube.com/watch?v=f7O2TiVw89I,566000.0
Mistérios da Meia Noite,Zé Ramalho,"De Gosto, de Água e de Amigos (Versão com Faixas Bônus)",1985,200493,https://open.spotify.com/track/1yQ3yGf2bOY16PObhRNIEq,https://www.youtube.com/watch?v=8cFC2BPs6zA,202000,,
Taj Mahal,Jorge Ben Jor,Africa Brasil,1976-01-01,186933,https://open.spotify.com/track/7pdCDKs0i05N8ag4tAC5u5,https://www.youtube.com/watch?v=c8AuG1W59ig,187000,https://www.youtube.com/watch?v=fDPAcEYgdlw,163000.0
Catedral,Zélia Duncan,Zélia Duncan,1994-03-09,170800,https://open.spotify.com/track/4tBZUrAviVgUzeTIiJLEe9,https://www.youtube.com/watch?v=QJMTNrcnRoQ,171000,https://www.youtube.com/watch?v=WdBKTi1B394,181000.0
Palco,Gilberto Gil,Luar,1981,266173,https://open.spotify.com/track/2wL88cvKXUOfHuYVd62hji,https://www.youtube.com/watch?v=ou78Tuy_MNM,267000,https://www.youtube.com/watch?v=TN1lK1jM1lo,99000.0
Barquinho de papel,ANAVITÓRIA,Trilhas,2022-08-26,228231,https://open.spotify.com/track/7nqOSC8cwBvaTsfmmm7HKX,https://www.youtube.com/watch?v=fyOb_rCTiSw,223000,https://www.youtube.com/watch?v=a8LZDFvdM2I,97000.0
Lembra de Mim - Ao Vivo,Ivan Lins,"Ivan Lins, Chucho Valdés e Irakere",1996,243893,https://open.spotify.com/track/4VCyAtZyUqEZWqeloFSdgc,https://www.youtube.com/watch?v=rbRdHITI2e0,259000,https://www.youtube.com/watch?v=tOqyujQOktk,652000.0
Tô Fazendo Falta - Ao Vivo,Joanna,Em Pintura Íntima - Ao Vivo,2007,228440,https://open.spotify.com/track/4EQOQQPvlz3l7a2mevf7W5,https://www.youtube.com/watch?v=NSY8RaPcsz4,230000,https://www.youtube.com/watch?v=PzxFlOHrD_0,253000.0
Flor de Lis,Djavan,"A Voz, o Violão, a Música de Djavan",1976-01-01,225266,https://open.spotify.com/track/1TX4h6MrIZ0K3r4OOG11WO,https://www.youtube.com/watch?v=b-N5thGuBYs,225000,https://www.youtube.com/watch?v=N3MImMZ9qPQ,201000.0
Meu Esquema,Mundo Livre S/A,Por Pouco (Bit Box),2000,259480,https://open.spotify.com/track/5hO3HgwIygwqjkGsw6wdP3,https://www.youtube.com/watch?v=G6IRIg21iXI,260000,,
Shy Moon,Ritchie,Shy Moon,2025-02-14,208831,https://open.spotify.com/track/555G8t9LrZdAEuLSI2gxLh,https://www.youtube.com/watch?v=prqcKLJkXks,278000,https://www.youtube.com/watch?v=WK4mCODa7cQ,36000.0
Sitio do Pica Pau Amarelo - Ao Vivo,Gilberto Gil,Unplugged (Ao vivo),1994-01-01,218026,https://open.spotify.com/track/7M6d5VQrPyUJCFC5F2nbIB,https://www.youtube.com/watch?v=i9RbBcDTRAI,194000,https://www.youtube.com/watch?v=nuQuTxLyFkA,92000.0
Coração de Estudante (feat. Milton Nascimento),Roberto Carlos,Roberto Carlos Duetos,2006,202813,https://open.spotify.com/track/2CN8FBm1EICupHecnriuwA,https://www.youtube.com/watch?v=HaQSXiiEtwM,60000,,
Sujeito De Sorte,Belchior,Alucinacao,1976-01-01,196560,https://open.spotify.com/track/1UsAjRCSavihMYsspqJz4e,https://www.youtube.com/watch?v=fdwb_siAV54,193000,https://www.youtube.com/watch?v=Tccg5C6TsMQ,217000.0
Ponta solta,ANAVITÓRIA,Esquinas,2024-12-12,196153,https://open.spotify.com/track/20TfKdIZkrCdYq3l6hpnn5,https://www.youtube.com/watch?v=VsFF0SdJFPA,200000,,
Porque Eu Te Amo,ANAVITÓRIA,O Tempo É Agora,2018-08-03,216829,https://open.spotify.com/track/3idU6lZVKD6hvGjnpSHde8,https://www.youtube.com/watch?v=rEnD32kbw6I,218000,https://www.youtube.com/watch?v=gKEuoh9JmXw,119000.0
Navio ancorado no ar,ANAVITÓRIA,Esquinas,2024-12-12,270833,https://open.spotify.com/track/2ic6RuezQKQ8AmScNeVC5s,https://www.youtube.com/watch?v=EDdl1Vv2yms,287000,,
É Você - 2004 Digital Remaster,Tribalistas,Tribalistas,2002-01-01,171360,https://open.spotify.com/track/1yUm0iWD3rDf8dViBRpSkt,https://www.youtube.com/watch?v=ej2eGPitJK8,190000,https://www.youtube.com/watch?v=YcOyefoJec0,146000.0
Beija Eu,Marisa Monte,Mais,1991-01-01,194040,https://open.spotify.com/track/7tkka2fYf1erIg8wy8r9Lt,https://www.youtube.com/watch?v=_6pZ7k52G9g,132000,https://www.youtube.com/watch?v=DfCipXMmKMQ,181000.0
Monalisa - Ao Vivo No Rio De Janeiro / 2006,Jorge Vercillo,Jorge Vercilo Ao Vivo,2006-01-01,209013,https://open.spotify.com/track/1HEVKie0Jg5yPfdMVygj6d,https://www.youtube.com/watch?v=XgAT__UyxqE,210000,,
Sonhos,Peninha,Sonhos,1977-04-04,252570,https://open.spotify.com/track/2QoRM3k03DX53hewsaV79a,https://www.youtube.com/watch?v=fmd73zKqcxk,258000,https://www.youtube.com/watch?v=BcTj8tuAuOY,188000.0
Romaria - Remasterizado,Renato Teixeira,Renato Teixeira Obra Completa na RCA de 1978 a 1982 (Remasterizado),1978,243466,https://open.spotify.com/track/5HaAOqKwmgyXNAZKGVhdsS,https://www.youtube.com/watch?v=RxNhmZuDwiM,244000,,
Travessia,Milton Nascimento,Travessia,1967-01-01,242013,https://open.spotify.com/track/6MN3vF1tGzG7nkAOLjK0YG,https://www.youtube.com/watch?v=kDe3qOhrJLo,280000,https://www.youtube.com/watch?v=9ss3eUJhGkQ,196000.0
Voce E Linda - Remixed Original Album,Caetano Veloso,Uns,1983-01-01,292306,https://open.spotify.com/track/0hQbovQO5Cui5Imze8Q3oo,https://www.youtube.com/watch?v=nSdegCBAOVk,293000,https://www.youtube.com/watch?v=1Gd0apqzg_o,227000.0
Cais,Milton Nascimento,Clube Da Esquina,1972-01-03,165333,https://open.spotify.com/track/1UvOFJFyfsm2OJkE3s48fs,https://www.youtube.com/watch?v=dtZVQGa9eDw,166000,,
Diga Sim Pra Mim,Isabella Taviani,Diga Sim,2007-01-01,249360,https://open.spotify.com/track/0agoGYU2CnNunOZylo5u7X,https://www.youtube.com/watch?v=_iv1aa-y-8Y,251000,https://www.youtube.com/watch?v=R7JKmwiV0fs,243000.0
Gentileza - 2004 Digital Remaster,Marisa Monte,"Memórias, Crônicas e Declarações de Amor",2000-01-01,167266,https://open.spotify.com/track/18TFoAFWWnioLhmnyfRdLr,https://www.youtube.com/watch?v=ehNqvtF9SRY,168000,,
Telegrama,Zeca Baleiro,Pet Shop Mundo Cão,2002,266080,https://open.spotify.com/track/7xpDGoUGbtaquk5xMvzwTh,https://www.youtube.com/watch?v=8dVwwKi5gsM,357000,,
Cotidiano,Chico Buarque,Construção,1971-01-01,168373,https://open.spotify.com/track/127twwy3iCo1xBRQHyWetU,https://www.youtube.com/watch?v=YbgpfBKuY_Y,169000,,
Entre a Serpente e a Estrela (Amarillo By Morning) [Ao Vivo],Zé Ramalho,Zé Ramalho Ao Vivo 2005 (Deluxe),2005-07-18,223880,https://open.spotify.com/track/3JXkd1PnKZNDYhH3DzOhzF,https://www.youtube.com/watch?v=u1pND94zk5w,226000,https://www.youtube.com/watch?v=hB6L77ArFUo,202000.0
Alucinação,Belchior,Alucinacao,1976-01-01,294360,https://open.spotify.com/track/6lCcA1ugWuQPBCHXecSwc8,https://www.youtube.com/watch?v=FenWBF66-ow,294000,https://www.youtube.com/watch?v=he5LCAQ22QI,263000.0
Escrito Nas Estrelas,Tetê Espíndola,Escrito Nas Estrelas,1985-05-05,246674,https://open.spotify.com/track/4EKzX2xQRLuWzCGBcgp3Su,https://www.youtube.com/watch?v=vOEvmCugqCI,247000,,
Lágrimas Negras,Gal Costa,Cantar,1974-01-01,215440,https://open.spotify.com/track/78I8jaChZbPu72bIGGPMKk,https://www.youtube.com/watch?v=C-Syphs43b8,243000,https://www.youtube.com/watch?v=4DOgmYFQkMw,378000.0
Homem Com H,Ney Matogrosso,Ney Matogrosso,1981-01-01,177226,https://open.spotify.com/track/5LgtJshfcCKoi4LQ40ym4d,https://www.youtube.com/watch?v=oTUwIL_dJCA,172000,,
Mulheres De Atenas,Chico Buarque,Meus Caros Amigos,1976-01-01,260600,https://open.spotify.com/track/6VIgGcxTOjPpvFUrFzM2TO,https://www.youtube.com/watch?v=MabbVn0Rlv4,268000,https://www.youtube.com/watch?v=tvZY3Kciu6w,130000.0
Tuyo (Narcos Theme) [Extended Version] - A Netflix Original Series Soundtrack,Rodrigo Amarante,Tuyo (Narcos Theme) [Extended Version] [A Netflix Original Series Soundtrack],2018-11-16,151565,https://open.spotify.com/track/6g2BiiVQqY5v1S4HIrM54F,https://www.youtube.com/watch?v=zNPXnAVyAUA,152000,https://www.youtube.com/watch?v=TJnzXJKSAfs,96000.0
Frevo Mulher (Ao Vivo),Zé Ramalho,Zé Ramalho Ao Vivo 2005 (Deluxe),2005-07-18,310306,https://open.spotify.com/track/2KP5ExK9fndd0scDLCbELF,https://www.youtube.com/watch?v=fnF5tXBuynI,281000,https://www.youtube.com/watch?v=EP26ZziinJA,123000.0
Oração,A Banda Mais Bonita da Cidade,A Banda Mais Bonita da Cidade,2011-11-01,301346,https://open.spotify.com/track/0YBq701BXkMaK6V5UyvOpT,https://www.youtube.com/watch?v=QW0i1U4u0KE,364000,https://www.youtube.com/watch?v=0hGB0uP5wnc,175000.0
Quero contar pra São Paulo,ANAVITÓRIA,Esquinas,2024-12-12,210643,https://open.spotify.com/track/2jGD5AlhBi8V8YZMnwXHkX,https://www.youtube.com/watch?v=Kn-kB20ByKQ,211000,,
Quem Sabe Isso Quer Dizer Amor,Milton Nascimento,Pietá,2005-07-26,239933,https://open.spotify.com/track/67UiC5PaQlxa2uVugbwjw3,https://www.youtube.com/watch?v=1edwebkYvYQ,240000,https://www.youtube.com/watch?v=pU8KYE33eCc,104000.0
Espumas ao Vento,Fagner,Terral,1997-03-30,244533,https://open.spotify.com/track/1DcKuTqFYTYTTERUwTeEUS,https://www.youtube.com/watch?v=eqR6apoVkGw,244000,,
São Gonça,Seu Jorge,Ana E Jorge (Ao Vivo),2005-11-17,297066,https://open.spotify.com/track/30lKTJnxHqfD1UeiAn0BLD,https://www.youtube.com/watch?v=J-jLcLdM87o,298000,https://www.youtube.com/watch?v=1DILldglxwA,184000.0
A lista,Oswaldo Montenegro,25 Anos,2004-11-26,179266,https://open.spotify.com/track/7azaUeZjFTpxUbpTFsZPX4,https://www.youtube.com/watch?v=kTuoMok_rJU,170000,https://www.youtube.com/watch?v=8JMWZ9FaSWg,200000.0
Paciência,Lenine,Lenine In Cité (Deluxe),2020-06-25,231572,https://open.spotify.com/track/4HHDRt7w95ewCrZtRS8djw,https://www.youtube.com/watch?v=SWm1uvCRfvA,231000,https://www.youtube.com/watch?v=xuHXKzBaPk8,252000.0
Cheiro De Amor,Maria Bethânia,Mel,1979-01-01,141200,https://open.spotify.com/track/2dhV6VPKdqNg85vgv16xjo,https://www.youtube.com/watch?v=MEyc5NbA_GY,131000,https://www.youtube.com/watch?v=sEA6no0JAzI,227000.0
Tropicália - Remastered 2006,Caetano Veloso,Caetano Veloso,1967-01-01,222106,https://open.spotify.com/track/4cMbAhrwsZsAHceaGvZy9y,https://www.youtube.com/watch?v=mspSv1MDe3E,223000,https://www.youtube.com/watch?v=FXFK1jEwAtM,88000.0
Lilás,Djavan,Lilás,1984-03-25,283133,https://open.spotify.com/track/0V0DEGw7N5KlubvARp4VOm,https://www.youtube.com/watch?v=wQH6OQQ5RjQ,285000,https://www.youtube.com/watch?v=Po09Ln8Q6Cw,181000.0
Infinito Particular,Marisa Monte,Infinito Particular,2006-01-01,251693,https://open.spotify.com/track/7ufO0ROFQ6BwSMPx5LuW4e,https://www.youtube.com/watch?v=yPfk_tmjTUo,252000,https://www.youtube.com/watch?v=pP4VX45baiE,171000.0
Felicidade,Seu Jorge,"Musica para Churrasco, Vol. 2",2015-03-31,267413,https://open.spotify.com/track/2bDc2CMq7MMAURwnMJverx,https://www.youtube.com/watch?v=gnl-DiE3_gw,268000,https://www.youtube.com/watch?v=6jopBYJKNtg,44000.0
Canteiros,Fagner,Ensaio,1999,329429,https://open.spotify.com/track/28IXLE3uhY2qgRO9cGkiXr,https://www.youtube.com/watch?v=W5LIUUJAQkw,339000,https://www.youtube.com/watch?v=Ay7prXHwFb0,195000.0
O Leãozinho - Ao Vivo Em São Paulo / 2017,Caetano Veloso,Ofertório (Ao Vivo),2018-05-25,176562,https://open.spotify.com/track/3ejU8JMenktibKkNz9dPBL,https://www.youtube.com/watch?v=g2tzDqi1INk,170000,,
Andar com fé,Gilberto Gil,Um banda um,1982,200960,https://open.spotify.com/track/2BvDFQOl4JieEGK2cgKOey,https://www.youtube.com/watch?v=FCIeFrxgbfM,201000,https://www.youtube.com/watch?v=p7UeQlIiiuk,64000.0
Palpite,Vanessa Rangel,Vanessa Rangel,1997-03-03,232333,https://open.spotify.com/track/0ZmvPa1tgXSwoHcFRBnDES,https://www.youtube.com/watch?v=-J0CMgqu_5o,233000,https://www.youtube.com/watch?v=aiBR1zU-igE,150000.0
À Primeira Vista,Chico César,Aos Vivos,1995,216800,https://open.spotify.com/track/2hjDxNmryN9ziHAIYiRksM,https://www.youtube.com/watch?v=ldiGy9_YagE,257000,https://www.youtube.com/watch?v=Y_E_OTBwJ3c,196000.0
O Cio Da Terra,Chico Buarque,Chico 50 Anos - O Cronista,1994-01-01,228466,https://open.spotify.com/track/2HPZlzp2NnCfgg49f3a2Sf,https://www.youtube.com/watch?v=CRrCBxviAZs,229000,,
Encontros e despedidas,Maria Rita,Maria Rita,2003-10-01,242333,https://open.spotify.com/track/19KDsFyj6Nyxa9xLb29lOL,https://www.youtube.com/watch?v=xOQgUM_Vyqw,243000,https://www.youtube.com/watch?v=oasnwBcocBw,185000.0
Coração selvagem,Belchior,Coração selvagem (1977),1977-01-01,284040,https://open.spotify.com/track/4cZGdje7UXxBsJViy2Cs8Z,https://www.youtube.com/watch?v=fVNUe4np2SM,285000,,
Cidadão,Zé Ramalho,Box Zé Ramalho,1998,230733,https://open.spotify.com/track/58MgAlwOAwymHTKPl7dZfH,https://www.youtube.com/watch?v=s1q9vTXYUUY,233000,https://www.youtube.com/watch?v=JWKO-ITF0DA,180000.0
Se eu usasse sapato,ANAVITÓRIA,Esquinas,2024-12-12,165487,https://open.spotify.com/track/7hozXxltZOrcXNzZ8EvtPB,https://www.youtube.com/watch?v=r3U0mNQbI-E,168000,,
Comentário a respeito de John,Belchior,2 é Demais,1978-06-12,302200,https://open.spotify.com/track/60FRsJnxV5OC0ueBwYB0yT,https://www.youtube.com/watch?v=dtRbk-dW8zo,303000,https://www.youtube.com/watch?v=he5LCAQ22QI,263000.0
Por Onde Andei - Ao Vivo,Nando Reis,Ao Vivo (Live),2004-06-16,251933,https://open.spotify.com/track/4CpwoEs39CydHJuTCl9kfm,https://www.youtube.com/watch?v=szoRvnToBCg,242000,https://www.youtube.com/watch?v=kz9mOHBsI84,30000.0
Sampa,Caetano Veloso,Muito (Dentro Da Estrela Azulada),1978-01-23,199666,https://open.spotify.com/track/2VBN5kSs1fyiE5fnOYeKsG,https://www.youtube.com/watch?v=t4pl079t548,182000,https://www.youtube.com/watch?v=ApZG7YGgWlA,205000.0
Amiga da Minha Mulher,Seu Jorge,"Musica para Churrasco, Vol. 1",2011-10-01,248080,https://open.spotify.com/track/6TVmNRrCRzU3NlyuubLIzZ,https://www.youtube.com/watch?v=prNwKbJNL2g,249000,https://www.youtube.com/watch?v=UME5vN1s2zw,44000.0
Relicário - Ao Vivo,Cássia Eller,Acústico (Ao Vivo),2001-01-15,246492,https://open.spotify.com/track/6HhXiy5XZ81Pyv3yCZMtj1,https://www.youtube.com/watch?v=4hkgux2wa-8,224000,,
Geni E O Zepelim,Chico Buarque,Chico 50 Anos - O Cronista,1994-01-01,319466,https://open.spotify.com/track/2xMPOlmgkhDsjhrVFjzGqF,https://www.youtube.com/watch?v=KQn7UxB3HJQ,320000,https://www.youtube.com/watch?v=9y2zsKkT1x8,201000.0
Minto pra quem perguntar,ANAVITÓRIA,Esquinas,2024-12-12,187206,https://open.spotify.com/track/1ayciaPYnEVXA0sYvOssB8,https://www.youtube.com/watch?v=RSxfInt-GB8,188000,https://www.youtube.com/watch?v=622dGp2a76k,405000.0
Quando Bate Aquela Saudade,Rubel,Pearl,2015-02-03,394706,https://open.spotify.com/track/6hFKP7kl22184msxWDhXLL,https://www.youtube.com/watch?v=tMWpm_GOLaA,405000,https://www.youtube.com/watch?v=ZoOk4glqR-E,25000.0
Nem um Dia,Djavan,Malásia,1996-03-25,346266,https://open.spotify.com/track/3jFxkWQ1i4ephuKK56T9ta,https://www.youtube.com/watch?v=rSCMHj0ZfuY,348000,https://www.youtube.com/watch?v=QYbBs0xmn_g,16000.0
Carta de Amor (Ao Vivo),Maria Bethânia,Carta de Amor (Ao Vivo),2013-11-26,338906,https://open.spotify.com/track/5Dje6vp12fGgkoXQpKZfq8,https://www.youtube.com/watch?v=WMtbGmQ8mVg,5583000,https://www.youtube.com/watch?v=RLqcnpiDpyU,180000.0
Tenta acreditar,ANAVITÓRIA,COR,2021-01-01,233986,https://open.spotify.com/track/20hgA0b2k5RUCgORJmu92T,https://www.youtube.com/watch?v=aCVyKWhCceE,239000,,
Várias Queixas,Gilsons,Várias Queixas,2019,170109,https://open.spotify.com/track/5HFvMPiNjclAq8DbEAPWMw,https://www.youtube.com/watch?v=bBHPq3UQFsw,206000,,
Pétala,Djavan,Luz,1982-03-25,283240,https://open.spotify.com/track/2H4TYG8IkKIXeJFt2CLCaO,https://www.youtube.com/watch?v=Szjx8Rw4UXo,285000,https://www.youtube.com/watch?v=ve81x2QTERY,251000.0
Ela Une Todas As Coisas,Jorge Vercillo,Todos Nós Somos Um,2007-01-01,254560,https://open.spotify.com/track/2fAwUj2Ezq0uB2ClAKEDb1,https://www.youtube.com/watch?v=21szE9bYabs,249000,https://www.youtube.com/watch?v=TI8nQaXwxc8,238000.0
Avôhai (Ao Vivo),Zé Ramalho,Zé Ramalho Ao Vivo 2005 (Deluxe),2005-07-18,337640,https://open.spotify.com/track/3UTRcUdGpUgbFA3J7KupVh,https://www.youtube.com/watch?v=-y162zkLx_A,340000,,
Apenas Um Rapaz Latino Americano,Belchior,Alucinacao,1976-01-01,258026,https://open.spotify.com/track/7oo3L1ZPEQSavDVSnlOvDa,https://www.youtube.com/watch?v=BxPJodiQyQU,275000,https://www.youtube.com/watch?v=0_ndNN22jwA,187000.0
Partilhar,Rubel,Partilhar,2019-11-11,262552,https://open.spotify.com/track/1PQRwFvNM7xV65bIkHmDtx,https://www.youtube.com/watch?v=WkLpoUiasZ8,423000,https://www.youtube.com/watch?v=Ee87U1sUzx0,239000.0
Rosa de Hiroshima,Ney Matogrosso,Ney Matogrosso anos 70,2017-07-21,166325,https://open.spotify.com/track/5uWeIfsb6XrNELS6lBYJMd,https://www.youtube.com/watch?v=Eql3Ip21GEA,157000,,
Bem Que Se Quis - Ao Vivo,Marisa Monte,Marisa Monte MM (Ao Vivo),1989-01-01,217866,https://open.spotify.com/track/6tAug9ksGLZb2z1RfPZJMo,https://www.youtube.com/watch?v=IgBnIkqRbTg,187000,https://www.youtube.com/watch?v=DtwZiHxV1TI,213000.0
"Ai, Amor",ANAVITÓRIA,O Tempo É Agora,2018-08-03,220566,https://open.spotify.com/track/3bR8wBqLky6b61ROJlaBEF,https://www.youtube.com/watch?v=rOemX8-L2CI,222000,https://www.youtube.com/watch?v=C37e7Q5qpWU,206000.0
Garoto de Aluguel (Taxi Boy) [Ao Vivo],Fagner,Fagner & Zé Ramalho (Ao Vivo),2014-11-11,176800,https://open.spotify.com/track/4jql26gU6eKg2zbCOCW3Zs,https://www.youtube.com/watch?v=laxpd3AmKyg,180000,,
Tive Razão,Seu Jorge,Cru,2023-06-16,272133,https://open.spotify.com/track/2xaMV3NPiEHcd8tlSkGH2M,https://www.youtube.com/watch?v=FanRuQSiKgE,290000,https://www.youtube.com/watch?v=1DILldglxwA,184000.0
Menino do Rio,Baby Do Brasil,Geração Pop,1978-09-14,263733,https://open.spotify.com/track/6tisytwaOaBA4CAZPPdlFP,https://www.youtube.com/watch?v=co_hPWQLdug,437000,,
Velha Roupa Colorida,Belchior,Alucinacao,1976-01-01,290000,https://open.spotify.com/track/74Rb8GLoyNYnjDIAnpUuhG,https://www.youtube.com/watch?v=jjfT6byZrA8,295000,,
Pra Sonhar,Marcelo Jeneci,Feito Pra Acabar,2010-11-30,268640,https://open.spotify.com/track/2VJOJBlHlSzdsf1uBpReKe,https://www.youtube.com/watch?v=Bpfw47x5a90,269000,https://www.youtube.com/watch?v=1WquP_VvO8o,107000.0
Tudo outra vez,Belchior,2 é Demais,1978-06-12,218600,https://open.spotify.com/track/1ygvOXnfySZbda3LCu1QK6,https://www.youtube.com/watch?v=UKNxkWtS090,219000,https://www.youtube.com/watch?v=lE0v2abgrGk,127000.0
Já Sei Namorar - 2004 Digital Remaster,Tribalistas,Tribalistas,2002-01-01,196933,https://open.spotify.com/track/352FuGmGJClPjojSYjNrXG,https://www.youtube.com/watch?v=VmxqhvnfMvI,197000,https://www.youtube.com/watch?v=WgQGNfd8U40,137000.0
Sangue latino,Ney Matogrosso,Pecado (1977),1977,215782,https://open.spotify.com/track/1mVSCzSZrhWQhIzLRThAT6,https://www.youtube.com/watch?v=Yit58Trmm3Q,218000,https://www.youtube.com/watch?v=LCt3eulC8iA,175000.0
Reconvexo - Ao Vivo,Maria Bethânia,Amor Festa Devoção Ao Vivo,2010-11-17,300333,https://open.spotify.com/track/1ddeP7G76wscmc0RH5sjVA,https://www.youtube.com/watch?v=YPO1iaetL2I,317000,,
Esperando na janela,Gilberto Gil,"As canções de eu, tu, eles",2000-01-01,256693,https://open.spotify.com/track/3zcBNmJH6ToRCI0WNEIuES,https://www.youtube.com/watch?v=OUyQZjhsMfU,257000,https://www.youtube.com/watch?v=bCMlS-zGZ1s,139000.0
Onde Deus Possa Me Ouvir,Vander Lee,9,2015-12-18,231480,https://open.spotify.com/track/7oW2m49RpKWRQ9eQOCzAsj,https://www.youtube.com/watch?v=qVA2GUPtrrI,232000,,
Palavras No Corpo,Gal Costa,Palavras No Corpo,2018-05-25,242054,https://open.spotify.com/track/4xeP4rHORzLbJlaJVHWybQ,https://www.youtube.com/watch?v=gyh7lUYXBYg,240000,,
Deslizes,Fagner,Romance no Deserto,1987-08-15,252000,https://open.spotify.com/track/2ReXjoXXQ6diAn9RocOE1F,https://www.youtube.com/watch?v=daR0JyxdvX8,254000,https://www.youtube.com/watch?v=raVSJyG9gJQ,293000.0
"Ai, Ai, Ai...",Vanessa Da Mata,Essa Boneca Tem Manual (Com Faixa Bônus),2004,252840,https://open.spotify.com/track/6zBw2Qqqj2daIoST9XIJC4,https://www.youtube.com/watch?v=pgiWm5jxULs,201000,https://www.youtube.com/watch?v=cF7smZQ5KWU,268000.0
Oração Ao Tempo,Maria Gadú,Mais uma Página,2011-11-25,208573,https://open.spotify.com/track/53YY29qEXjC25WWtkHKXZ6,https://www.youtube.com/watch?v=3eVHpoCiOwo,209000,,
Take Me Back To Piauí,Juca Chaves,Muito Vivo,1972-01-01,196506,https://open.spotify.com/track/26uzS4AhDPEYbGwcWFWB2O,https://www.youtube.com/watch?v=ApW0Gggu2ZU,200000,,
"Alegria, Alegria - Remastered 2006",Caetano Veloso,Caetano Veloso,1967-01-01,168213,https://open.spotify.com/track/0aoQV1TuaTrcpJaMfJ3wgj,https://www.youtube.com/watch?v=Dy759_Y8E-c,169000,https://www.youtube.com/watch?v=FXFK1jEwAtM,88000.0
Oração Ao Tempo - Ao Vivo,Maria Bethânia,"Tempo, Tempo, Tempo, Tempo (ao Vivo)",2016-06-10,186083,https://open.spotify.com/track/0rwES3EzICSovqZsrZpImi,https://www.youtube.com/watch?v=DMoHHw1QxkI,187000,,
Melhor Lugar - Ao Vivo No Rio De Janeiro / 2006,Jorge Vercillo,Jorge Vercilo Ao Vivo,2006-01-01,264320,https://open.spotify.com/track/77CJZAiIEjQISrIuCbzhB9,https://www.youtube.com/watch?v=QMUl8-ZG0R8,263000,,
Love Love,Gilsons,Várias Queixas,2019,205984,https://open.spotify.com/track/7nSataGo54Le0IfcFQCFLN,https://www.youtube.com/watch?v=2EGXgmoYtgA,210000,https://www.youtube.com/watch?v=OfL6ncHdKjU,164000.0
Parabolicamará,Gilberto Gil,Parabolicamará,1991,270466,https://open.spotify.com/track/2o9IlFNQ5OwwTrelARyePv,https://www.youtube.com/watch?v=TlKoKiZxx7I,271000,,
Cacador De Mim,Milton Nascimento,Caçador De Mim,1981-01-05,230800,https://open.spotify.com/track/1EK77FK4GGtFHZLH8G7lM3,https://www.youtube.com/watch?v=xngsJlpcHFI,393000,https://www.youtube.com/watch?v=BLMcVw32xjc,133000.0
Mentiras,Adriana Calcanhotto,Senhas,1992-07-21,178560,https://open.spotify.com/track/4XXaIb6V1u0X5Ao2xzeotr,https://www.youtube.com/watch?v=BtKY0HJa2jY,181000,https://www.youtube.com/watch?v=9kbIC4j_fDE,223000.0
Ai Que Saudade d'Ocê,Zeca Baleiro,Ai Que Saudade d'Ocê - Single,2014-09-29,171055,https://open.spotify.com/track/33TV3dRHN8tHU0NdCEv5ab,https://www.youtube.com/watch?v=Xf8za9wjDu8,171000,https://www.youtube.com/watch?v=6_9mEG9Lah8,199000.0
Ainda Bem,Vanessa Da Mata,Essa Boneca Tem Manual (Com Faixa Bônus),2004,269333,https://open.spotify.com/track/5wG7UpUik9lpxUWjQFadPo,https://www.youtube.com/watch?v=h9-LLQqAOXQ,272000,https://www.youtube.com/watch?v=1g7HS8Y26as,192000.0
"Amanheceu, Peguei a Viola",Renato Teixeira & Pena Branca & Xavantinho,Ao Vivo em Tatuí,2007-09-26,232560,https://open.spotify.com/track/3qZ45VmFkmwtOfpOU43PTR,https://www.youtube.com/watch?v=8s83opJVyP0,234000,,
Gente Boa se Atrai,Seu Jorge,Baile à la Baiana,2025-02-16,205315,https://open.spotify.com/track/13nBh1bUK3kAn2zHvA2lIX,https://www.youtube.com/watch?v=HGBhYaL0xYQ,209000,,
É Você,Pedro Caetano,Mufasa: O Rei Leão (Trilha Sonora Original),2024-12-13,147080,https://open.spotify.com/track/6RrgGWHyxOS1zCkD9MeUG9,https://www.youtube.com/watch?v=bxbCRm6f-6k,148000,https://www.youtube.com/watch?v=v99xfFvADbY,480000.0
Dias Felizes,Felippe Lau,Dias Felizes,2023-09-08,171044,https://open.spotify.com/track/1F1m8Ob0n7HyIJHvXeefgw,https://www.youtube.com/watch?v=zftMhwtQLjI,172000,,
Que Nem Maré,Jorge Vercillo,Elo,2002-01-01,236986,https://open.spotify.com/track/5F4SvW0GTQVlTUMstJEOyG,https://www.youtube.com/watch?v=tPpOnU5QL_s,237000,https://www.youtube.com/watch?v=rggBZ9ZecYE,180000.0
"Mas, Que Nada!",Jorge Ben Jor,Samba Esquema Novo,1963-01-01,179293,https://open.spotify.com/track/6U03Orwr5Dxt8jahLnQpYV,https://www.youtube.com/watch?v=rd3LEsKIjNI,276000,https://www.youtube.com/watch?v=VGd4ZQJYMJI,242000.0
A Paz - Ao Vivo,Gilberto Gil,Unplugged (Ao vivo),1994-01-01,293053,https://open.spotify.com/track/5jKg6K5LjLH4RkVpxXqO6W,https://www.youtube.com/watch?v=k3-Mxej9NhY,294000,https://www.youtube.com/watch?v=LpImp4YOuCE,172000.0
Minha Canção,Sergio Bardotti,Os Saltimbancos Sinfônico,2017-01-13,243533,https://open.spotify.com/track/6GSBUvu0X5AepQHt6HrreW,https://www.youtube.com/watch?v=B8hE66KT9rU,156000,https://www.youtube.com/watch?v=6Em4buARGdM,66000.0
Aqui e agora,Gilberto Gil,Refavela,1977-06-01,253253,https://open.spotify.com/track/6r1ezXJH2bD8s9a4depIwC,https://www.youtube.com/watch?v=_op2-ySOWQs,254000,,
Romance no Deserto (Romance in Durango) - Ao Vivo,Fagner,Fagner & Zé Ramalho (Ao Vivo),2014-11-11,244760,https://open.spotify.com/track/5KckLw681trX1tHpLg9xs4,https://www.youtube.com/watch?v=CHgglq1Po_Q,244000,,
Já Chegou,Nelsinho Corrêa,Quem Me Segurou Foi Deus,2007-03-03,256092,https://open.spotify.com/track/4YzYEjJ301XutsPAEBNV92,https://www.youtube.com/watch?v=N-3QiniR3zk,224000,https://www.youtube.com/watch?v=W-QPzNcVeq8,61000.0
Carnavália - 2004 Digital Remaster,Tribalistas,Tribalistas,2002-01-01,257133,https://open.spotify.com/track/2gRejnfVLVjmqaJNCsAvPO,https://www.youtube.com/watch?v=GBr_MitMqY0,257000,https://www.youtube.com/watch?v=IIaLjb4MipE,70000.0
Amor De Índio,Beto Guedes,Amor De Índio,1978-09-16,232893,https://open.spotify.com/track/2x91RxA5Sx4d3TPYFOzGjK,https://www.youtube.com/watch?v=hctNZcWZzmo,232000,https://www.youtube.com/watch?v=OJgoncuLECw,271000.0
Minha Felicidade,Roberta Campos,Todo Caminho É Sorte (álbum Comentado),2015-10-02,229480,https://open.spotify.com/track/6vARbzVXg90V8fYmgks5u3,https://www.youtube.com/watch?v=9mmiOFzkeh4,259000,https://www.youtube.com/watch?v=K8REsj5V6oQ,156000.0
Eternamente,Gal Costa,Baby Gal,1983,244786,https://open.spotify.com/track/1ngbz6irbfEmpsYcZhzX6L,https://www.youtube.com/watch?v=P3OZsKIcjdQ,245000,https://www.youtube.com/watch?v=klWRXLq0ywA,211000.0
Gostoso Demais,Maria Bethânia,Dezembros,1986-01-28,216133,https://open.spotify.com/track/7FplawKc9l5GVtFS1IXK6D,https://www.youtube.com/watch?v=6Iy9MM8_h5U,217000,https://www.youtube.com/watch?v=X2RjR3d9jgA,167000.0
N,Nando Reis,N,2018-12-14,214464,https://open.spotify.com/track/7iNcOVH9n4EEY2rwWAQOsA,https://www.youtube.com/watch?v=_0YGozvUS44,216000,https://www.youtube.com/watch?v=KvydmcqxfaE,102000.0
Eu Quero É Botar Meu Bloco Na Rua,Sérgio Sampaio,Eu Quero É Botar Meu Bloco Na Rua,1973-01-08,280906,https://open.spotify.com/track/6yEBV6MlSODqJPXK6BilZo,https://www.youtube.com/watch?v=sZSaJ_kPvYI,172000,,
Beatriz,Milton Nascimento,O Grande Circo Místico,2009,302800,https://open.spotify.com/track/6jX65pkUYBbCdbuV4Pjnix,https://www.youtube.com/watch?v=qsxFjTD0Pe4,303000,https://www.youtube.com/watch?v=o_91lwBf6yg,156000.0
Garota de Ipanema - Ao vivo,Roberto Carlos,Roberto Carlos e Caetano Veloso e a música de Tom Jobim,2008-04-10,235306,https://open.spotify.com/track/6uWfadBhaf5shMcgHOPTLh,https://www.youtube.com/watch?v=xMQ2Ra1MbQo,236000,https://www.youtube.com/watch?v=nxsUi5dW91o,95000.0
"Mesma trama, mesmo frio",ANAVITÓRIA,Esquinas,2024-12-12,281322,https://open.spotify.com/track/0bd8yasKWPXuVVP6msVIn1,https://www.youtube.com/watch?v=KL8y_kfRrtQ,282000,,
Feira De Mangaio,Clara Nunes,Esperança,1979-05-22,198133,https://open.spotify.com/track/3bZy4mfepri8X7JIdhCj5L,https://www.youtube.com/watch?v=48S33HDinQo,197000,https://www.youtube.com/watch?v=z-h-VDH8QO8,141000.0
Um Sonho,Nação Zumbi,Nação Zumbi,2014-05-05,291360,https://open.spotify.com/track/6LD3no7MTmPoyFoBh4UNDX,https://www.youtube.com/watch?v=WlatHB9jZ1g,292000,,
Frisson,Tunai,Em Cartaz...,1984-07-30,245499,https://open.spotify.com/track/3L3R5s3kaz3heUdPQijWtA,https://www.youtube.com/watch?v=2po21VOzMEM,246000,https://www.youtube.com/watch?v=w_1gM4oVdqQ,197000.0
Brincar De Viver,Maria Bethânia,Grandes Sucessos de Maria Bethania,2025-02-13,288626,https://open.spotify.com/track/10EvSdk1taZ36lNOUyEmRs,https://www.youtube.com/watch?v=C7v4DWJmckM,289000,https://www.youtube.com/watch?v=uDzMFEuqgCE,293000.0
Devolva-Me (Ao Vivo),Adriana Calcanhotto,Público,2000-04-17,131426,https://open.spotify.com/track/5sz2LrG6jY6u7U0g2k7kws,https://www.youtube.com/watch?v=6krEMiWHNFs,177000,https://www.youtube.com/watch?v=o1Qi5CIekF0,153000.0
Pelo Tempo Que Durar,Marisa Monte,Infinito Particular,2006-01-01,208720,https://open.spotify.com/track/5sJJQxIfys0imGd4WhILm8,https://www.youtube.com/watch?v=iy_pSTFUvJE,200000,https://www.youtube.com/watch?v=NZWJB7pXLxw,178000.0
As Canções Que Você Fez Pra Mim,Maria Bethânia,As Canções Que Você Fez Pra Mim,1993-01-01,224773,https://open.spotify.com/track/52V2BPdhlhFrUZF7AOrQP9,https://www.youtube.com/watch?v=tdjY18DnrWM,240000,,
O Telefone Tocou Novamente,Jorge Ben Jor,Força Bruta,1970-01-12,228946,https://open.spotify.com/track/2OmW34Xkvsy1VCOZ4OZhKv,https://www.youtube.com/watch?v=blYrXr-CwOA,230000,https://www.youtube.com/watch?v=ilFnliu13xs,2085000.0
Fascinaçao,Elis Regina,Falso Brilhante,1976-01-05,181826,https://open.spotify.com/track/1fJ863UqhSwWpqrkwkcATG,https://www.youtube.com/watch?v=rm7ve4VT5wE,182000,https://www.youtube.com/watch?v=TCOEgCd5qAg,79000.0
Fiadeira,Maria Bethânia,O Auto da Compadecida 2 (Trilha Sonora do Filme),2024-12-25,202531,https://open.spotify.com/track/0pyvJfQSMKMxvSj1tvqCKY,https://www.youtube.com/watch?v=U5X5tNEk87Q,203000,,
Banho de Folhas - Maz Remix,Luedji Luna,Banho de Folhas (Maz Remix),2022-04-06,215476,https://open.spotify.com/track/41TZ7YP0hzQLnZ3pL0x7uz,https://www.youtube.com/watch?v=sNpXmon2eZg,384000,,
Kryptônia,Zé Ramalho,Antologia Acústica,1997-03-04,295706,https://open.spotify.com/track/0KcfaHsiaCoSO6U0qXjje2,https://www.youtube.com/watch?v=-Ty0vA8NC2M,298000,,
Garotos II - O Outro Lado,Leoni,Leoni,1993-01-01,239933,https://open.spotify.com/track/1wLqPjSFDIH59nhQ5Th5XT,https://www.youtube.com/watch?v=4UXRWTcI2TM,219000,https://www.youtube.com/watch?v=rwdfaB5_iXo,234000.0
Canto Das Três Raças,Clara Nunes,Canto Das Três Raças,1976,264200,https://open.spotify.com/track/7wQTptwkkTHXjBF2JSZlHY,https://www.youtube.com/watch?v=9OBBkQxMtXs,262000,,
Só Pro Meu Prazer,Leoni,áudio-retrato,2003-09-01,220986,https://open.spotify.com/track/6uVnCe5jUqNGeff7VFk9Uy,https://www.youtube.com/watch?v=K5VIX1PrQiM,221000,https://www.youtube.com/watch?v=vM0fdMU089M,82000.0
Clube Da Esquina Nº2 - Acústico,Milton Nascimento,Nada Será Como Antes (Acústico),2018-11-30,270690,https://open.spotify.com/track/4ACqPYXQse8c8dllQmOmBp,https://www.youtube.com/watch?v=V5Qq9rA2Hio,271000,,
Dói Sem Tanto,ANAVITÓRIA,O Tempo É Agora,2018-08-03,238813,https://open.spotify.com/track/5IAx5ePf9QztrT7MqdCyDT,https://www.youtube.com/watch?v=FljeVc0ZsM8,239000,,
